{
  "data": [
    {
      "id": "33925401637",
      "risk": 0.03278688524590164
    },
    {
      "id": "33749519397",
      "risk": 0.03278688524590164
    }
  ],
  "pagination": {
    "limit": 10,
    "total-count": 45,
    "page-number": 3
  }
}
